,Query,Stock,Day1,Day3,Day7,Date Time,Advice
0,"1. I bought Nvidia (NVDA) at $960 but it’s now near $1,200. Should I trim my position or continue riding the AI wave?
",NVDA,1240.0,1280.0,1320.0,14-07-2024 12:00,"Continue riding the AI wave, but consider trimming your position by 10-20% to lock in profits and avoid potential losses due to market volatility."
1,"2. With Amazon (AMZN) up after its Prime Day preview, is it smart to buy now or wait for a post‑event dip?
",AMZN,192.56,194.21,196.12,14-07-2024 12:00,"Buy now, as the stock is expected to continue its upward trend due to the positive market sentiment and recent acquisition of a chip startup. However, be cautious of a potential post-event dip after Prime Day."
2,"3. Tesla (TSLA) just announced another price cut in Europe. Does that make the stock a buy, sell, or hold for the next 12 months?
",TSLA,243.12,245.67,248.23,14-07-2024 10:00,Hold
3,"1. I bought Nvidia (NVDA) at $960 but it’s now near $1,200. Should I trim my position or continue riding the AI wave?
",NVDA,1240.0,1280.0,1320.0,14-07-2024 12:00,"Continue riding the AI wave, but consider trimming your position by 10-20% to lock in profits and avoid potential losses if the market corrects."
4,"2. With Amazon (AMZN) up after its Prime Day preview, is it smart to buy now or wait for a post‑event dip?
",AMZN,192.56,194.21,196.85,14-07-2024 12:00,"Buy now, as the overall sentiment is strongly bullish and the stock has shown a positive trend after its Prime Day preview."
5,"3. Tesla (TSLA) just announced another price cut in Europe. Does that make the stock a buy, sell, or hold for the next 12 months?
",TSLA,243.12,245.67,248.23,14-07-2024 10:00,Hold
6,"4. After the recent pullback in Advanced Micro Devices (AMD), is this an attractive entry point or a value trap?
",AMD,94.23,96.51,101.19,14-07-2024 10:00,Buy AMD as it is an attractive entry point due to its recent pullback and strong growth prospects in the AI chip market. The company's revenue growth in its data center segment and Cathie Wood's confidence in its growth prospects make it a value investment opportunity.
7,"5. Is Meta Platforms (META) still a good buy given its metaverse spending, or should I rotate into Alphabet (GOOGL)?
",META,233.45,235.67,240.12,14-07-2024 10:00,"{'comingDay': 'Buy META for short-term gains, but rotate into GOOGL for long-term growth.', 'coming3Days': 'META is expected to rise, but GOOGL may experience a slight decline. Consider holding onto both stocks.', 'comingWeek': ""META's metaverse spending is a promising area for growth, but GOOGL's decline in search queries is a concern. Consider rotating into GOOGL for long-term growth."", 'coming5Days': 'META is expected to rise, but GOOGL may experience a slight decline. Consider holding onto both stocks.'}"
8,"5. Is Meta Platforms (META) still a good buy given its metaverse spending, or should I rotate into Alphabet (GOOGL)?
",GOOGL,1345.21,1362.45,1390.98,14-07-2024 10:00,"{'comingDay': 'Buy META for short-term gains, but rotate into GOOGL for long-term growth.', 'coming3Days': 'META is expected to rise, but GOOGL may experience a slight decline. Consider holding onto both stocks.', 'comingWeek': ""META's metaverse spending is a promising area for growth, but GOOGL's decline in search queries is a concern. Consider rotating into GOOGL for long-term growth."", 'coming5Days': 'META is expected to rise, but GOOGL may experience a slight decline. Consider holding onto both stocks.'}"
9,"6. With Apple (AAPL) launching new Vision Pro features, should I increase my allocation or wait for earnings clarity?
",AAPL,173.45,175.21,178.98,14-07-2024 10:00,Wait for earnings clarity before making any decisions about increasing your allocation.
10,"7. Should I add to my position in Intuit (INTU) before the next tax season, or is most of the growth priced in?
",INTU,514.23,522.15,535.19,14-07-2024 12:00,"Based on the technical analysis and market news, it is recommended to add to your position in Intuit (INTU) before the next tax season. The company's strong performance and growth potential make it a good choice to add to your position. However, it's essential to keep an eye on the market and adjust your strategy accordingly."
11,"8. Broadcom (AVGO) just completed its VMware integration. Buy on synergy optimism or lock in profits?
",AVGO,555.12,562.89,573.45,14-07-2024 10:00,Buy on synergy optimism
12,"9. Is PayPal (PYPL) a turnaround play worth buying, or should I consider Block (SQ) instead?
",PYPL,73.23,74.56,76.89,14-07-2024 10:00,"Considering the mixed sentiments and overall bearish outlook for PYPL, we recommend considering Block (SQ) as a more attractive option for the coming week."
13,"9. Is PayPal (PYPL) a turnaround play worth buying, or should I consider Block (SQ) instead?
",SQ,243.11,248.45,253.79,14-07-2024 10:00,"Considering the mixed sentiments and overall bearish outlook for PYPL, we recommend considering Block (SQ) as a more attractive option for the coming week."
14,"10. Netflix (NFLX) introduced ad‑supported tiers; does that warrant a fresh buy, or should I stick with Paramount Streaming (PARA)?
",NFLX,555.12,562.45,573.89,14-07-2024 10:00,"{'coming Day': 'Buy NFLX', 'coming 3 Days': 'Hold NFLX, Sell PARA', 'coming Week to 10': 'Buy NFLX, Avoid PARA'}"
15,"10. Netflix (NFLX) introduced ad‑supported tiers; does that warrant a fresh buy, or should I stick with Paramount Streaming (PARA)?
",PARA,34.21,33.56,32.91,14-07-2024 10:00,"{'coming Day': 'Buy NFLX', 'coming 3 Days': 'Hold NFLX, Sell PARA', 'coming Week to 10': 'Buy NFLX, Avoid PARA'}"
